<?xml version="1.0" encoding="UTF-8"?>
<metadata xml:lang="en"><Esri><CreaDate>20180823</CreaDate><CreaTime>08135500</CreaTime><ArcGISFormat>1.0</ArcGISFormat><ArcGISstyle>Item Description</ArcGISstyle><SyncOnce>FALSE</SyncOnce><DataProperties><lineage><Process Name="Feature Class to Feature Class" ToolSource="c:\program files (x86)\arcgis\desktop10.5\ArcToolbox\Toolboxes\Conversion Tools.tbx\FeatureClassToFeatureClass" Date="20180124" Time="153541">FeatureClassToFeatureClass EVENTLAYER "L:\PLANNING\GIS\Transit\ServiceChangeSourceData\Feb18 GIS Data\ProcessedGISData\Results.gdb" POTFILE # "OCTA_ID "OCTA_ID" true true false 4 Long 0 0 ,First,#,EVENTLAYER,OCTA_ID,-1,-1;SANZ_ID "SANZ_ID" true true false 8000 Text 0 0 ,First,#,EVENTLAYER,SANZ_ID,-1,-1;COUNTY "COUNTY" true true false 8000 Text 0 0 ,First,#,EVENTLAYER,COUNTY,-1,-1;CITY "CITY" true true false 8000 Text 0 0 ,First,#,EVENTLAYER,CITY,-1,-1;JURISD "JURISD" true true false 8000 Text 0 0 ,First,#,EVENTLAYER,JURISD,-1,-1;ST_DIR "ST_DIR" true true false 8000 Text 0 0 ,First,#,EVENTLAYER,ST_DIR,-1,-1;STREET "STREET" true true false 8000 Text 0 0 ,First,#,EVENTLAYER,STREET,-1,-1;ST_ST "ST_ST" true true false 8000 Text 0 0 ,First,#,EVENTLAYER,ST_ST,-1,-1;NEAR_FAR "NEAR_FAR" true true false 8000 Text 0 0 ,First,#,EVENTLAYER,NEAR_FAR,-1,-1;AT_ST "AT_ST" true true false 8000 Text 0 0 ,First,#,EVENTLAYER,AT_ST,-1,-1;ATST_ST "ATST_ST" true true false 8000 Text 0 0 ,First,#,EVENTLAYER,ATST_ST,-1,-1;TBM_COOR "TBM_COOR" true true false 8000 Text 0 0 ,First,#,EVENTLAYER,TBM_COOR,-1,-1;ADA_STAT "ADA_STAT" true true false 8000 Text 0 0 ,First,#,EVENTLAYER,ADA_STAT,-1,-1;DIR "DIR" true true false 8000 Text 0 0 ,First,#,EVENTLAYER,DIR,-1,-1;RTE "RTE" true true false 4 Long 0 0 ,First,#,EVENTLAYER,RTE,-1,-1;SEQ "SEQ" true true false 4 Long 0 0 ,First,#,EVENTLAYER,SEQ,-1,-1;HARDWARE "HARDWARE" true true false 4 Long 0 0 ,First,#,EVENTLAYER,HARDWARE,-1,-1;STOP_ID "STOP_ID" true true false 8000 Text 0 0 ,First,#,EVENTLAYER,STOP_ID,-1,-1;TP "TP" true true false 4 Long 0 0 ,First,#,EVENTLAYER,TP,-1,-1;TP_PID "TP_PID" true true false 8000 Text 0 0 ,First,#,EVENTLAYER,TP_PID,-1,-1;TP_DESCRIP "TP_DESCRIP" true true false 8000 Text 0 0 ,First,#,EVENTLAYER,TP_DESCRIP,-1,-1;COMM1 "COMM1" true true false 8000 Text 0 0 ,First,#,EVENTLAYER,COMM1,-1,-1;COMM2 "COMM2" true true false 8000 Text 0 0 ,First,#,EVENTLAYER,COMM2,-1,-1;TRANSFERS "TRANSFERS" true true false 8000 Text 0 0 ,First,#,EVENTLAYER,TRANSFERS,-1,-1;LANDMARK "LANDMARK" true true false 8000 Text 0 0 ,First,#,EVENTLAYER,LANDMARK,-1,-1;X_COOR "X_COOR" true true false 8 Double 0 0 ,First,#,EVENTLAYER,X_COOR,-1,-1;Y_COOR "Y_COOR" true true false 8 Double 0 0 ,First,#,EVENTLAYER,Y_COOR,-1,-1" #</Process><Process Name="Add Field SRVCHG (2)" ToolSource="c:\program files (x86)\arcgis\desktop10.5\ArcToolbox\Toolboxes\Data Management Tools.tbx\AddField" Date="20180124" Time="153543">AddField "L:\PLANNING\GIS\Transit\ServiceChangeSourceData\Feb18 GIS Data\ProcessedGISData\Results.gdb\POTFILE" SRVCHG TEXT # # 10 # NULLABLE NON_REQUIRED #</Process><Process Name="Add Field SRVCHG_START (2)" ToolSource="c:\program files (x86)\arcgis\desktop10.5\ArcToolbox\Toolboxes\Data Management Tools.tbx\AddField" Date="20180124" Time="153546">AddField "L:\PLANNING\GIS\Transit\ServiceChangeSourceData\Feb18 GIS Data\ProcessedGISData\Results.gdb\POTFILE" SRVCHG_START DATE # # # # NULLABLE NON_REQUIRED #</Process><Process Name="Add Field SRVCHG_END (2)" ToolSource="c:\program files (x86)\arcgis\desktop10.5\ArcToolbox\Toolboxes\Data Management Tools.tbx\AddField" Date="20180124" Time="153549">AddField "L:\PLANNING\GIS\Transit\ServiceChangeSourceData\Feb18 GIS Data\ProcessedGISData\Results.gdb\POTFILE" SRVCHG_END DATE # # # # NULLABLE NON_REQUIRED #</Process><Process Name="Calculate Field SRVCHG (2)" ToolSource="c:\program files (x86)\arcgis\desktop10.5\ArcToolbox\Toolboxes\Data Management Tools.tbx\CalculateField" Date="20180124" Time="153553">CalculateField "L:\PLANNING\GIS\Transit\ServiceChangeSourceData\Feb18 GIS Data\ProcessedGISData\Results.gdb\POTFILE" SRVCHG "FEB18" VB #</Process><Process Name="Calculate Field SRVCHG_START (2)" ToolSource="c:\program files (x86)\arcgis\desktop10.5\ArcToolbox\Toolboxes\Data Management Tools.tbx\CalculateField" Date="20180124" Time="153556">CalculateField "L:\PLANNING\GIS\Transit\ServiceChangeSourceData\Feb18 GIS Data\ProcessedGISData\Results.gdb\POTFILE" SRVCHG_START "6/9/2018" VB #</Process><Process Name="Calculate Field SRVCHG_END (2)" ToolSource="c:\program files (x86)\arcgis\desktop10.5\ArcToolbox\Toolboxes\Data Management Tools.tbx\CalculateField" Date="20180124" Time="153600">CalculateField "L:\PLANNING\GIS\Transit\ServiceChangeSourceData\Feb18 GIS Data\ProcessedGISData\Results.gdb\POTFILE" SRVCHG_END "2/11/2018" VB #</Process><Process Name="Dissolve" ToolSource="c:\program files (x86)\arcgis\desktop10.5\ArcToolbox\Toolboxes\Data Management Tools.tbx\Dissolve" Date="20180131" Time="183028">Dissolve "L:\PLANNING\GIS\Transit\ServiceChangeSourceData\Feb18 GIS Data\ProcessedGISData\Results.gdb\POTFILE" "L:\PLANNING\GIS\Transit\ServiceChangeSourceData\Feb18 GIS Data\ProcessedGISData\Results.gdb\BusStop" OCTA_ID;SANZ_ID;ST_DIR;STREET;NEAR_FAR;AT_ST;SRVCHG;SRVCHG_START;SRVCHG_END "X_COOR FIRST;Y_COOR FIRST" SINGLE_PART DISSOLVE_LINES</Process><Process Name="Alter Field" ToolSource="c:\program files (x86)\arcgis\desktop10.5\ArcToolbox\Toolboxes\Data Management Tools.tbx\AlterField" Date="20180131" Time="183029">AlterField "L:\PLANNING\GIS\Transit\ServiceChangeSourceData\Feb18 GIS Data\ProcessedGISData\Results.gdb\BusStop" ST_DIR DIR DIR # 2 NON_NULLABLE false</Process><Process Name="Alter Field (2)" ToolSource="c:\program files (x86)\arcgis\desktop10.5\ArcToolbox\Toolboxes\Data Management Tools.tbx\AlterField" Date="20180131" Time="183030">AlterField "L:\PLANNING\GIS\Transit\ServiceChangeSourceData\Feb18 GIS Data\ProcessedGISData\Results.gdb\BusStop" STREET ON_STREET ON_STREET # 50 NON_NULLABLE false</Process><Process Name="Alter Field (3)" ToolSource="c:\program files (x86)\arcgis\desktop10.5\ArcToolbox\Toolboxes\Data Management Tools.tbx\AlterField" Date="20180131" Time="183031">AlterField "L:\PLANNING\GIS\Transit\ServiceChangeSourceData\Feb18 GIS Data\ProcessedGISData\Results.gdb\BusStop" NEAR_FAR LOC LOC # 3 NON_NULLABLE false</Process><Process Name="Alter Field (4)" ToolSource="c:\program files (x86)\arcgis\desktop10.5\ArcToolbox\Toolboxes\Data Management Tools.tbx\AlterField" Date="20180131" Time="183032">AlterField "L:\PLANNING\GIS\Transit\ServiceChangeSourceData\Feb18 GIS Data\ProcessedGISData\Results.gdb\BusStop" AT_ST # AT_STREET # 50 NON_NULLABLE false</Process><Process Name="Alter Field (5)" ToolSource="c:\program files (x86)\arcgis\desktop10.5\ArcToolbox\Toolboxes\Data Management Tools.tbx\AlterField" Date="20180131" Time="183033">AlterField "L:\PLANNING\GIS\Transit\ServiceChangeSourceData\Feb18 GIS Data\ProcessedGISData\Results.gdb\BusStop" FIRST_X_COOR POINT_X POINT_X # # NON_NULLABLE false</Process><Process Name="Alter Field (6)" ToolSource="c:\program files (x86)\arcgis\desktop10.5\ArcToolbox\Toolboxes\Data Management Tools.tbx\AlterField" Date="20180131" Time="183034">AlterField "L:\PLANNING\GIS\Transit\ServiceChangeSourceData\Feb18 GIS Data\ProcessedGISData\Results.gdb\BusStop" FIRST_Y_COOR POINT_Y POINT_Y # # NON_NULLABLE false</Process><Process Name="Add Field" ToolSource="c:\program files (x86)\arcgis\desktop10.5\ArcToolbox\Toolboxes\Data Management Tools.tbx\AddField" Date="20180131" Time="183035">AddField "L:\PLANNING\GIS\Transit\ServiceChangeSourceData\Feb18 GIS Data\ProcessedGISData\Results.gdb\BusStop" CURSTOP LONG # # # # NULLABLE NON_REQUIRED #</Process><Process Name="Calculate Field" ToolSource="c:\program files (x86)\arcgis\desktop10.5\ArcToolbox\Toolboxes\Data Management Tools.tbx\CalculateField" Date="20180131" Time="183036">CalculateField "L:\PLANNING\GIS\Transit\ServiceChangeSourceData\Feb18 GIS Data\ProcessedGISData\Results.gdb\BusStop" CURSTOP 1 VB #</Process><Process ToolSource="c:\program files (x86)\arcgis\desktop10.5\ArcToolbox\Toolboxes\Conversion Tools.tbx\FeatureClassToFeatureClass" Date="20180131" Time="183146">FeatureClassToFeatureClass "L:\PLANNING\GIS\Transit\ServiceChangeSourceData\Feb18 GIS Data\ProcessedGISData\Results.gdb\BusStop" "Database Connections\TransitQ_gisadmin.sde\Transit.DBO.SC_FEB18" FEB18_BusStop # "OCTA_ID "OCTA_ID" true true false 4 Long 0 0 ,First,#,L:\PLANNING\GIS\Transit\ServiceChangeSourceData\Feb18 GIS Data\ProcessedGISData\Results.gdb\BusStop,OCTA_ID,-1,-1;SANZ_ID "SANZ_ID" true true false 8000 Text 0 0 ,First,#,L:\PLANNING\GIS\Transit\ServiceChangeSourceData\Feb18 GIS Data\ProcessedGISData\Results.gdb\BusStop,SANZ_ID,-1,-1;DIR "DIR" true true false 8000 Text 0 0 ,First,#,L:\PLANNING\GIS\Transit\ServiceChangeSourceData\Feb18 GIS Data\ProcessedGISData\Results.gdb\BusStop,DIR,-1,-1;ON_STREET "ON_STREET" true true false 8000 Text 0 0 ,First,#,L:\PLANNING\GIS\Transit\ServiceChangeSourceData\Feb18 GIS Data\ProcessedGISData\Results.gdb\BusStop,ON_STREET,-1,-1;LOC "LOC" true true false 8000 Text 0 0 ,First,#,L:\PLANNING\GIS\Transit\ServiceChangeSourceData\Feb18 GIS Data\ProcessedGISData\Results.gdb\BusStop,LOC,-1,-1;AT_ST "AT_STREET" true true false 8000 Text 0 0 ,First,#,L:\PLANNING\GIS\Transit\ServiceChangeSourceData\Feb18 GIS Data\ProcessedGISData\Results.gdb\BusStop,AT_ST,-1,-1;SRVCHG "SRVCHG" true true false 10 Text 0 0 ,First,#,L:\PLANNING\GIS\Transit\ServiceChangeSourceData\Feb18 GIS Data\ProcessedGISData\Results.gdb\BusStop,SRVCHG,-1,-1;SRVCHG_START "SRVCHG_START" true true false 8 Date 0 0 ,First,#,L:\PLANNING\GIS\Transit\ServiceChangeSourceData\Feb18 GIS Data\ProcessedGISData\Results.gdb\BusStop,SRVCHG_START,-1,-1;SRVCHG_END "SRVCHG_END" true true false 8 Date 0 0 ,First,#,L:\PLANNING\GIS\Transit\ServiceChangeSourceData\Feb18 GIS Data\ProcessedGISData\Results.gdb\BusStop,SRVCHG_END,-1,-1;POINT_X "POINT_X" true true false 8 Double 0 0 ,First,#,L:\PLANNING\GIS\Transit\ServiceChangeSourceData\Feb18 GIS Data\ProcessedGISData\Results.gdb\BusStop,POINT_X,-1,-1;POINT_Y "POINT_Y" true true false 8 Double 0 0 ,First,#,L:\PLANNING\GIS\Transit\ServiceChangeSourceData\Feb18 GIS Data\ProcessedGISData\Results.gdb\BusStop,POINT_Y,-1,-1;CURSTOP "CURSTOP" true true false 4 Long 0 0 ,First,#,L:\PLANNING\GIS\Transit\ServiceChangeSourceData\Feb18 GIS Data\ProcessedGISData\Results.gdb\BusStop,CURSTOP,-1,-1" #</Process><Process ToolSource="c:\program files (x86)\arcgis\desktop10.5\ArcToolbox\Toolboxes\Data Management Tools.tbx\CalculateField" Date="20180228" Time="132001">CalculateField Transit.DBO.FEB18_BusStop SRVCHG_START "2/11/18" VB #</Process><Process ToolSource="c:\program files (x86)\arcgis\desktop10.5\ArcToolbox\Toolboxes\Data Management Tools.tbx\CalculateField" Date="20180228" Time="132121">CalculateField Transit.DBO.FEB18_BusStop SRVCHG_END "6/9/18" VB #</Process><Process ToolSource="c:\program files (x86)\arcgis\desktop10.5\ArcToolbox\Toolboxes\Data Management Tools.tbx\TruncateTable" Date="20180607" Time="165505">TruncateTable "Database Connections\TransitQ_gisadmin.sde\Transit.DBO.SC_JUN18\Transit.DBO.JUN18_BusStop"</Process><Process ToolSource="c:\program files (x86)\arcgis\desktop10.5\ArcToolbox\Toolboxes\Data Management Tools.tbx\Append" Date="20180607" Time="171038">Append 'Database Connections\TransitQ_gisadmin.sde\Transit.DBO.SC_JUN18_WGS\Transit.DBO.JUN18_BusStop_WGS' "Database Connections\TransitQ_gisadmin.sde\Transit.DBO.SC_JUN18\Transit.DBO.JUN18_BusStop" NO_TEST "OCTA_ID "OCTA_ID" true true false 4 Long 0 10 ,First,#,Database Connections\TransitQ_gisadmin.sde\Transit.DBO.SC_JUN18_WGS\Transit.DBO.JUN18_BusStop_WGS,OCTA_ID,-1,-1;SANZ_ID "SANZ_ID" true true false 1073741822 Text 0 0 ,First,#,Database Connections\TransitQ_gisadmin.sde\Transit.DBO.SC_JUN18_WGS\Transit.DBO.JUN18_BusStop_WGS,SANZ_ID,-1,-1;DIR "DIR" true true false 1073741822 Text 0 0 ,First,#,Database Connections\TransitQ_gisadmin.sde\Transit.DBO.SC_JUN18_WGS\Transit.DBO.JUN18_BusStop_WGS,ST_DIR,-1,-1;ON_STREET "ON_STREET" true true false 1073741822 Text 0 0 ,First,#,Database Connections\TransitQ_gisadmin.sde\Transit.DBO.SC_JUN18_WGS\Transit.DBO.JUN18_BusStop_WGS,STREET,-1,-1;LOC "LOC" true true false 1073741822 Text 0 0 ,First,#,Database Connections\TransitQ_gisadmin.sde\Transit.DBO.SC_JUN18_WGS\Transit.DBO.JUN18_BusStop_WGS,NEAR_FAR,-1,-1;AT_ST "AT_STREET" true true false 1073741822 Text 0 0 ,First,#,Database Connections\TransitQ_gisadmin.sde\Transit.DBO.SC_JUN18_WGS\Transit.DBO.JUN18_BusStop_WGS,AT_ST,-1,-1;SRVCHG "SRVCHG" true true false 10 Text 0 0 ,First,#;SRVCHG_START "SRVCHG_START" true true false 8 Date 0 0 ,First,#;SRVCHG_END "SRVCHG_END" true true false 8 Date 0 0 ,First,#;POINT_X "POINT_X" true true false 8 Double 8 38 ,First,#;POINT_Y "POINT_Y" true true false 8 Double 8 38 ,First,#;CURSTOP "CURSTOP" true true false 4 Long 0 10 ,First,#" #</Process></lineage><itemProps><itemLocation><linkage Sync="TRUE">Server=orgisq01; Service=sde:sqlserver:orgisq01; Database=Transit; User=gisadmin; Version=sde.DEFAULT</linkage><protocol Sync="TRUE">ArcSDE Connection</protocol></itemLocation><itemName Sync="TRUE">Transit.DBO.FEB18_BusStop_1</itemName><imsContentType Sync="TRUE">002</imsContentType></itemProps><coordRef><type Sync="TRUE">Projected</type><geogcsn Sync="TRUE">GCS_North_American_1983</geogcsn><csUnits Sync="TRUE">Linear Unit: Foot_US (0.304801)</csUnits><projcsn Sync="TRUE">NAD_1983_StatePlane_California_VI_FIPS_0406_Feet</projcsn><peXml Sync="TRUE">&lt;ProjectedCoordinateSystem xsi:type='typens:ProjectedCoordinateSystem' xmlns:xsi='http://www.w3.org/2001/XMLSchema-instance' xmlns:xs='http://www.w3.org/2001/XMLSchema' xmlns:typens='http://www.esri.com/schemas/ArcGIS/10.5'&gt;&lt;WKT&gt;PROJCS[&amp;quot;NAD_1983_StatePlane_California_VI_FIPS_0406_Feet&amp;quot;,GEOGCS[&amp;quot;GCS_North_American_1983&amp;quot;,DATUM[&amp;quot;D_North_American_1983&amp;quot;,SPHEROID[&amp;quot;GRS_1980&amp;quot;,6378137.0,298.257222101]],PRIMEM[&amp;quot;Greenwich&amp;quot;,0.0],UNIT[&amp;quot;Degree&amp;quot;,0.0174532925199433]],PROJECTION[&amp;quot;Lambert_Conformal_Conic&amp;quot;],PARAMETER[&amp;quot;False_Easting&amp;quot;,6561666.666666666],PARAMETER[&amp;quot;False_Northing&amp;quot;,1640416.666666667],PARAMETER[&amp;quot;Central_Meridian&amp;quot;,-116.25],PARAMETER[&amp;quot;Standard_Parallel_1&amp;quot;,32.78333333333333],PARAMETER[&amp;quot;Standard_Parallel_2&amp;quot;,33.88333333333333],PARAMETER[&amp;quot;Latitude_Of_Origin&amp;quot;,32.16666666666666],UNIT[&amp;quot;Foot_US&amp;quot;,0.3048006096012192],AUTHORITY[&amp;quot;EPSG&amp;quot;,2230]]&lt;/WKT&gt;&lt;XOrigin&gt;-118608900&lt;/XOrigin&gt;&lt;YOrigin&gt;-91259500&lt;/YOrigin&gt;&lt;XYScale&gt;3048.0060960121928&lt;/XYScale&gt;&lt;ZOrigin&gt;0&lt;/ZOrigin&gt;&lt;ZScale&gt;1&lt;/ZScale&gt;&lt;MOrigin&gt;0&lt;/MOrigin&gt;&lt;MScale&gt;1&lt;/MScale&gt;&lt;XYTolerance&gt;0.0032808333333333331&lt;/XYTolerance&gt;&lt;ZTolerance&gt;0.001&lt;/ZTolerance&gt;&lt;MTolerance&gt;0.001&lt;/MTolerance&gt;&lt;HighPrecision&gt;true&lt;/HighPrecision&gt;&lt;WKID&gt;102646&lt;/WKID&gt;&lt;LatestWKID&gt;2230&lt;/LatestWKID&gt;&lt;/ProjectedCoordinateSystem&gt;</peXml></coordRef></DataProperties><SyncDate>20180607</SyncDate><SyncTime>15044900</SyncTime><ModDate>20180607</ModDate><ModTime>15044900</ModTime></Esri><dataIdInfo><envirDesc Sync="TRUE"> Version 6.2 (Build 9200) ; Esri ArcGIS 10.5.1.7333</envirDesc><dataLang><languageCode value="eng" Sync="TRUE"/><countryCode value="USA" Sync="TRUE"/></dataLang><idCitation><resTitle Sync="TRUE">Transit.DBO.FEB18_BusStop_1</resTitle><presForm><PresFormCd value="005" Sync="TRUE"/></presForm></idCitation><spatRpType><SpatRepTypCd value="001" Sync="TRUE"/></spatRpType></dataIdInfo><mdLang><languageCode value="eng" Sync="TRUE"/><countryCode value="USA" Sync="TRUE"/></mdLang><distInfo><distFormat><formatName Sync="TRUE">SDE Feature Class</formatName></distFormat></distInfo><mdHrLv><ScopeCd value="005" Sync="TRUE"/></mdHrLv><mdHrLvName Sync="TRUE">dataset</mdHrLvName><refSysInfo><RefSystem><refSysID><identCode code="2230" Sync="TRUE"/><idCodeSpace Sync="TRUE">EPSG</idCodeSpace><idVersion Sync="TRUE">5.3(9.0.0)</idVersion></refSysID></RefSystem></refSysInfo><spatRepInfo><VectSpatRep><geometObjs Name="Transit.DBO.FEB18_BusStop_1"><geoObjTyp><GeoObjTypCd value="004" Sync="TRUE"/></geoObjTyp><geoObjCnt Sync="TRUE">0</geoObjCnt></geometObjs><topLvl><TopoLevCd value="001" Sync="TRUE"/></topLvl></VectSpatRep></spatRepInfo><spdoinfo><ptvctinf><esriterm Name="Transit.DBO.FEB18_BusStop_1"><efeatyp Sync="TRUE">Simple</efeatyp><efeageom code="1" Sync="TRUE"/><esritopo Sync="TRUE">FALSE</esritopo><efeacnt Sync="TRUE">0</efeacnt><spindex Sync="TRUE">TRUE</spindex><linrefer Sync="TRUE">FALSE</linrefer></esriterm></ptvctinf></spdoinfo><eainfo><detailed Name="Transit.DBO.FEB18_BusStop_1"><enttyp><enttypl Sync="TRUE">Transit.DBO.FEB18_BusStop_1</enttypl><enttypt Sync="TRUE">Feature Class</enttypt><enttypc Sync="TRUE">0</enttypc></enttyp><attr><attrlabl Sync="TRUE">OBJECTID</attrlabl><attalias Sync="TRUE">OBJECTID</attalias><attrtype Sync="TRUE">OID</attrtype><attwidth Sync="TRUE">4</attwidth><atprecis Sync="TRUE">10</atprecis><attscale Sync="TRUE">0</attscale><attrdef Sync="TRUE">Internal feature number.</attrdef><attrdefs Sync="TRUE">Esri</attrdefs><attrdomv><udom Sync="TRUE">Sequential unique whole numbers that are automatically generated.</udom></attrdomv></attr><attr><attrlabl Sync="TRUE">Shape</attrlabl><attalias Sync="TRUE">Shape</attalias><attrtype Sync="TRUE">Geometry</attrtype><attwidth Sync="TRUE">4</attwidth><atprecis Sync="TRUE">0</atprecis><attscale Sync="TRUE">0</attscale><attrdef Sync="TRUE">Feature geometry.</attrdef><attrdefs Sync="TRUE">Esri</attrdefs><attrdomv><udom Sync="TRUE">Coordinates defining the features.</udom></attrdomv></attr><attr><attrlabl Sync="TRUE">OCTA_ID</attrlabl><attalias Sync="TRUE">OCTA_ID</attalias><attrtype Sync="TRUE">Integer</attrtype><attwidth Sync="TRUE">4</attwidth><atprecis Sync="TRUE">10</atprecis><attscale Sync="TRUE">0</attscale></attr><attr><attrlabl Sync="TRUE">DIR</attrlabl><attalias Sync="TRUE">DIR</attalias><attrtype Sync="TRUE">String</attrtype><attwidth Sync="TRUE">1073741822</attwidth><atprecis Sync="TRUE">0</atprecis><attscale Sync="TRUE">0</attscale></attr><attr><attrlabl Sync="TRUE">ON_STREET</attrlabl><attalias Sync="TRUE">ON_STREET</attalias><attrtype Sync="TRUE">String</attrtype><attwidth Sync="TRUE">1073741822</attwidth><atprecis Sync="TRUE">0</atprecis><attscale Sync="TRUE">0</attscale></attr><attr><attrlabl Sync="TRUE">LOC</attrlabl><attalias Sync="TRUE">LOC</attalias><attrtype Sync="TRUE">String</attrtype><attwidth Sync="TRUE">1073741822</attwidth><atprecis Sync="TRUE">0</atprecis><attscale Sync="TRUE">0</attscale></attr><attr><attrlabl Sync="TRUE">SANZ_ID</attrlabl><attalias Sync="TRUE">SANZ_ID</attalias><attrtype Sync="TRUE">String</attrtype><attwidth Sync="TRUE">1073741822</attwidth><atprecis Sync="TRUE">0</atprecis><attscale Sync="TRUE">0</attscale></attr><attr><attrlabl Sync="TRUE">AT_ST</attrlabl><attalias Sync="TRUE">AT_STREET</attalias><attrtype Sync="TRUE">String</attrtype><attwidth Sync="TRUE">1073741822</attwidth><atprecis Sync="TRUE">0</atprecis><attscale Sync="TRUE">0</attscale></attr><attr><attrlabl Sync="TRUE">SRVCHG</attrlabl><attalias Sync="TRUE">SRVCHG</attalias><attrtype Sync="TRUE">String</attrtype><attwidth Sync="TRUE">10</attwidth><atprecis Sync="TRUE">0</atprecis><attscale Sync="TRUE">0</attscale></attr><attr><attrlabl Sync="TRUE">SRVCHG_START</attrlabl><attalias Sync="TRUE">SRVCHG_START</attalias><attrtype Sync="TRUE">Date</attrtype><attwidth Sync="TRUE">8</attwidth><atprecis Sync="TRUE">0</atprecis><attscale Sync="TRUE">0</attscale></attr><attr><attrlabl Sync="TRUE">POINT_X</attrlabl><attalias Sync="TRUE">POINT_X</attalias><attrtype Sync="TRUE">Double</attrtype><attwidth Sync="TRUE">8</attwidth><atprecis Sync="TRUE">38</atprecis><attscale Sync="TRUE">8</attscale></attr><attr><attrlabl Sync="TRUE">POINT_Y</attrlabl><attalias Sync="TRUE">POINT_Y</attalias><attrtype Sync="TRUE">Double</attrtype><attwidth Sync="TRUE">8</attwidth><atprecis Sync="TRUE">38</atprecis><attscale Sync="TRUE">8</attscale></attr><attr><attrlabl Sync="TRUE">CURSTOP</attrlabl><attalias Sync="TRUE">CURSTOP</attalias><attrtype Sync="TRUE">Integer</attrtype><attwidth Sync="TRUE">4</attwidth><atprecis Sync="TRUE">10</atprecis><attscale Sync="TRUE">0</attscale></attr><attr><attrlabl Sync="TRUE">SRVCHG_END</attrlabl><attalias Sync="TRUE">SRVCHG_END</attalias><attrtype Sync="TRUE">Date</attrtype><attwidth Sync="TRUE">8</attwidth><atprecis Sync="TRUE">0</atprecis><attscale Sync="TRUE">0</attscale></attr></detailed></eainfo><mdDateSt Sync="TRUE">20180607</mdDateSt></metadata>
